wall_height_m,wall_length_m,wall_thickness_m,fc_mpa,fy_mpa,rho_v,rho_h,axial_ratio,K0,dy,alpha
6.1573963465755845,5.691584527063121,0.16538166610108287,34.8585994186711,412.59207014864376,0.01018661523642658,0.009516599900817956,0.06843630625385513,4399.975918737149,0.015093982883696285,0.0523266344505425
3.976466321407897,3.5872791681045624,0.3480447334178603,22.070478415713644,485.89683296186706,0.002774525777541049,0.006231975448938881,0.14659354187965676,6450.8406979025285,0.010393393021234874,0.03649387739014443
14.230711328517485,6.354316838602124,0.28983635409855973,21.627050788137137,425.99596867249085,0.010398951778542994,0.006806864971654181,0.1886145778050108,2804.7134448226057,0.03675575658399571,0.06186209288060994
13.916329182798183,2.7611967068110252,0.33754138842875275,34.976883643633315,433.3362366957088,0.0059713944639959845,0.007803236082820946,0.1253563424721034,1665.5914826820235,0.032674243711322354,0.052376578029052
17.16362229363824,4.137036628612459,0.23387495141538284,37.764344828827696,460.8785089387764,0.006401198369391793,0.007197936322406331,0.27279192612017245,1730.7455912580972,0.046037810526759655,0.05118175598183149
9.291050239464564,5.322914849924356,0.15883816383229657,39.47501232905579,432.3463424415089,0.004825960780410143,0.004074336074849172,0.09934619431761803,2469.005753210919,0.022227385618394286,0.04839719392346441
6.83567630402813,3.2385456594392448,0.3152716380142714,23.2253601042328,451.28228412009275,0.007205608741892761,0.006593094454492973,0.267982032453998,3112.591853399416,0.016679939261365875,0.05994509067480833
6.221103892308173,3.447099861351807,0.2189548271830341,30.396345961923153,455.29951203076956,0.004325126328963388,0.0037787614489101255,0.12678918806306227,2778.0869974958305,0.0156789006970884,0.04506187570124234
6.0362315088272105,4.357154911141884,0.34293549958781205,37.56020982397325,459.2278524822019,0.0073964605140134695,0.0026040830410900525,0.27014466646845486,7019.360505550104,0.015166199186802948,0.05505169656403416
8.878713109816676,3.5279881481653566,0.3010643970668968,33.229620426279894,403.39395322892204,0.0059909449977216325,0.00942882910578266,0.1246904772314416,3121.451290394138,0.021337231432104926,0.04580568562374685
13.026916765570682,7.100328386737679,0.17279411740813966,43.190221279647574,490.3921932411386,0.007191485865855878,0.006997937902297608,0.07958765405639248,2829.9648499624614,0.03236161420680971,0.05014751988910303
17.71354602190579,3.5548790942612305,0.26862166177956703,28.206009204908714,437.0621620210435,0.005977615585822748,0.004680373850598062,0.19847193261518198,1187.6101033831949,0.0440524096371741,0.0523023953879393
13.016958560171748,5.6428171701260545,0.1974207703597846,22.51009694158514,485.1934770291829,0.0077398106394426895,0.005315310899399055,0.24735085018477532,1841.361621175323,0.034579334336331966,0.05737499970360696
16.813217796062453,3.6078012467408156,0.1775108235149142,37.754321000385886,416.28472530647707,0.011493630502889856,0.0072444408991109285,0.08464098515966727,972.8540520938313,0.042343187077381134,0.0554096030738902
16.40604010008625,2.6613512290749513,0.33507843911583524,33.48118348785812,466.84219163313503,0.005728754715412806,0.0024731225760466096,0.2882322835757121,1223.3653266915571,0.04111653946707566,0.05339482197710602
5.515894364423463,2.928106697951453,0.1646223680018343,30.390465782019618,405.2302250181599,0.005946571896128967,0.003107123429197346,0.22454778276042803,2255.3119953405644,0.015121748839824081,0.05344391867050489
14.502722893619335,3.49700118219965,0.30189771939370547,34.61754179751338,436.671251629121,0.002834923780160577,0.008620076078456206,0.2831028178235031,2071.3236348011524,0.036155680785204806,0.044375711623134854
5.919126012056305,6.387274091589281,0.2198609638875389,32.700416653575026,415.69654311488455,0.011747794280576524,0.0078090990646112685,0.09473432669667108,6648.131783936252,0.015378574347790634,0.07038085568940931
16.88545900154377,3.9286407979074296,0.2445000176560839,35.23698174803283,439.33439924003153,0.007041813233656853,0.002845661032160816,0.0669488285616465,1377.7030578137983,0.041951223641922934,0.052511503311730455
6.746892129075205,6.457173325095655,0.33982603321532184,32.01896680952514,400.8604955567183,0.00888149331475618,0.005320486412929159,0.20862075025254023,8336.394223761976,0.01738387146451846,0.06239041017263385
13.571885139194123,4.358679698055136,0.1938348279306452,32.13616473921844,475.23485232983853,0.0031943308679230602,0.007534016269173183,0.20685632666510523,1379.6411321747814,0.03382869992789715,0.0418437947508315
7.742422212031048,2.1865465603630585,0.21166096134901533,25.91332662098504,454.7251914047593,0.011187444211821546,0.008962700080300172,0.10563216358615148,1469.5505956363236,0.019861358256581002,0.06340659162301734
3.9505197007609327,7.631636997374597,0.32338676697045443,26.14050303450007,469.93686798620456,0.007680203824333331,0.008410861700129463,0.15318258989042555,14063.214395579516,0.010018341138234875,0.048203111600496264
11.76881986752633,3.2762288327867455,0.286987287424712,40.87303588147461,410.95247292820727,0.006002685521485924,0.007868172702207974,0.06583685722528038,2274.505249773386,0.030279616738371474,0.04904707283096787
15.479734113039015,5.063949110280283,0.275398967988102,24.38094712091469,402.3160174532669,0.002507485708249863,0.009231361185585728,0.2671398675895103,2020.841239906391,0.04201652759664803,0.042484686292210846
14.9417565082256,6.048015087534643,0.17310423873518752,42.49298879549817,416.06823927779624,0.0037179569341333546,0.009208069033365667,0.15569274294646449,1927.6162004876046,0.039306887037724836,0.04797288040933812
4.794456828615643,6.541693092752391,0.2168651724488255,23.80918250034297,442.19333553529384,0.0074875287772527095,0.0036476931018251755,0.13347544854704868,6138.116016071964,0.012463410813082476,0.04757183401027733
15.54606799406102,4.454841990616242,0.23459345509244547,32.920611226923675,456.63533783813034,0.0030832267423789167,0.004501082833558193,0.06812970270556679,1481.0090951029365,0.03735671861829787,0.043191962441774354
9.440722798808196,5.395621371342253,0.28381531108543584,31.438883118969624,444.7709804252887,0.009014011293817088,0.00248690066564561,0.17122255912073633,3859.94911224789,0.024366357637137154,0.05161786228412756
14.936321801802121,5.022731675902808,0.1838906359214357,35.118263319196096,483.4298886712686,0.011324140636453326,0.008602483035952804,0.07291120978151779,1567.3458679450944,0.03786365141248666,0.05648285212073611
13.286280613923228,5.000973717506472,0.277395244425101,28.065137261352508,408.8810086785745,0.010277149047454005,0.009545154459132125,0.25991025390554434,2693.4663623197516,0.035665747089447586,0.0628093808677542
15.642530637148502,5.934887045799297,0.3433388488205874,29.224344442490484,455.1472120291642,0.00990038221638228,0.0038719355418544987,0.2899451929047064,3324.645916567551,0.04097829706233182,0.062192809895652554
16.23324024602393,5.8716891665664654,0.30261450381277244,39.81638402296579,442.0459776250776,0.009986112461423018,0.009500259558500306,0.06820791017549405,3155.353643757849,0.03906549421516696,0.05295329660828408
9.191322765545793,7.182317119448513,0.15441121346200984,31.414228963446334,468.00476495692703,0.00310415458282522,0.008338028776139332,0.2837327274112588,3405.0127599483744,0.024135065492972164,0.04169036691486305
5.967834611786124,2.4736380542192267,0.34043850727918,42.422945035427254,465.5725472733131,0.007514309272875533,0.009353861570422162,0.20354562103119833,4528.473286259921,0.01441934375427384,0.053658087534427974
10.555153305565163,4.338328987390687,0.2506267785582481,33.53948757809267,436.08318811182517,0.006481184089803461,0.00841497546290817,0.13662374322924858,2728.9910182461667,0.027423512101314208,0.05702028503511701
14.903730177479526,4.695758350830853,0.20606210860702662,40.45691721219899,401.9216804556612,0.0037425084273121764,0.0086156385551664,0.17418248374491271,1833.5155934514016,0.037661152685225914,0.04237761653774206
3.95136898955007,6.795408459790832,0.291753229643967,25.968614416237422,493.1702266340123,0.006042018803063921,0.009100884219638432,0.1894318373061791,11656.047692931368,0.01023169716550582,0.05067319819455856
11.349928610433693,2.0365544329809047,0.15365690821405664,39.66318252043314,416.19363533783894,0.007987384356281452,0.007448655695471843,0.09822236602557911,777.4240470482581,0.027183954729114532,0.05355062693872732
15.902552345237506,3.7282567489848146,0.2557628981900679,33.01518857169374,496.00232579500744,0.00594028780183854,0.006497820436972535,0.2800378465684824,1596.3951401778083,0.042179706587861035,0.05190332358918986
12.262483977277508,4.194099220322028,0.3435272146359201,30.96982034756463,413.6187637541707,0.01033999960928404,0.008566933531383313,0.21456069347197962,3320.0112425761426,0.03136591299234931,0.06100017151122602
5.953352158350518,7.5936766853185205,0.2978470594165317,26.536140983742186,411.1383089519288,0.011489194448685016,0.002897501328481062,0.0919796134532295,8901.21878742034,0.015030678300824229,0.0549174767147564
17.612683073981437,4.051419834856139,0.2508609758935547,38.90245881412275,455.1080102079216,0.009435915074123067,0.007293086945524122,0.1903976464397241,1744.0630020054332,0.04376082856840769,0.05248436735794259
14.876623810577872,2.873585829701188,0.2855347465421081,38.688525895812795,429.9966432496835,0.010745773278432824,0.004437692826421603,0.08827299342541924,1628.246084073982,0.04082474464171178,0.05895608471438438
8.518842450552285,7.388370935349634,0.24104714765759283,37.66341439910917,479.4038904643829,0.008279035807471764,0.009549555986599317,0.24470210819168223,6525.843042248246,0.021216081525813436,0.05709837396663816
3.3386598441734385,3.560079677917381,0.2743459174074533,24.76355765578648,458.4068044893204,0.005615980223075298,0.006275083840466192,0.020524957404510803,6309.992887778615,0.00771597086213488,0.04419385540814257
9.5687378550762,4.917063760933004,0.2774805420992378,33.589498568454715,404.35235820670624,0.010715123220777648,0.00565207145429569,0.0415565763092425,3437.5703210169777,0.02335795479635318,0.056838583716930124
9.403710026033416,4.462982375725931,0.25726772727746855,22.21426590957848,429.8957764217921,0.011878941735623736,0.007297539913024607,0.13730156631685017,2891.655599084207,0.02361652886609768,0.06481090040627045
5.3177235035143084,6.375579674988394,0.27856205085774344,22.675346384909535,411.5042815362203,0.00833846867353577,0.006568928814977272,0.21207973690410775,7261.456989532487,0.013215288543005046,0.05725388934704382
12.015754718031618,3.176780117856703,0.28590877105682133,29.233960405105545,404.9287746385721,0.005023386953524984,0.009244680815601057,0.13511900964927304,1914.7774835178395,0.03058175633067817,0.04670333190873384
3.078244815973415,5.822624439733833,0.17156276900608403,32.4899619523693,426.0316855658099,0.0059238296582931485,0.006296618845334407,0.024049952088552394,7450.93905363232,0.007986158177100163,0.047326531819412994
7.790902322360525,3.9285288497878894,0.2258771841865525,37.43474204261629,424.7743798682965,0.006602693441360529,0.007158908534819593,0.1102501763320048,3141.0975628043657,0.020904777332559594,0.050839666087450636
8.157298266012152,3.247832418838852,0.18735791911142302,32.783516120118705,456.3827108134879,0.006256520405975992,0.004180438984778886,0.0980140407910191,1817.5516765649745,0.02022421247658227,0.044413871474016604
12.848259779941884,4.741265644909066,0.2877628194398324,35.327056932973285,488.92524000824176,0.0026698831428882503,0.004796783296461644,0.2959383552171637,2694.9226575188018,0.033567661945437845,0.044027255145111646
14.661527400261953,6.033641286047962,0.30523916575198506,37.649317730236135,413.57706822891765,0.00808221897478507,0.00821501346047626,0.262344649770851,3591.292104637718,0.038141504353810855,0.054699389305302624
6.848225175534981,2.191576869925324,0.31504271272986084,33.14378721146064,432.6633132428422,0.0021142910523154917,0.0022826195576635816,0.2419345157568825,2209.080455244191,0.017937586336090182,0.04506935190806824
5.479577213062844,2.6772893190823197,0.2052615641348287,34.18820513909753,421.0006607812227,0.005436710812847671,0.0058234470716516775,0.1376083269712825,2510.3259358877535,0.014098995458280894,0.044248713530005084
8.25268527041801,6.312812471223937,0.17625105974585412,39.88752279274621,471.5674309313837,0.002039434908856112,0.002213982983854761,0.07460930035065445,3127.554442051742,0.02059477412687868,0.035236979492204466
15.039687569930965,4.9577724136748635,0.2955908733344955,39.016861222460186,450.6763939670233,0.011253628762534662,0.009921926190842464,0.12058011208407284,2913.7033800396107,0.037603144965797954,0.06618031397881366
10.965085005926252,4.270325607514408,0.24608988285735817,39.316501825824034,427.4020974541852,0.007374747246397255,0.004681289994629507,0.23978904195378514,2832.015303001775,0.028512677272318324,0.051392948083196596
5.552430120998735,6.346842741218236,0.2634677333690916,30.635584265356194,469.40664292072586,0.010565932858687802,0.008229949710896585,0.17270619744013407,8587.611179968875,0.013801571201342348,0.058131840459612415
15.435778374342272,2.8237630212583924,0.19760627191878924,27.479729696379803,416.60817189820915,0.005925350068974208,0.0035442656915968982,0.18675100705945064,775.9140798950931,0.03911116389948419,0.0512139309502842
8.978176847000238,4.5287764511204465,0.30958505059167785,44.628277278983674,456.5067783254213,0.0027906717146360775,0.0028232237937890876,0.2911802021682365,4702.636911111354,0.023455221528928587,0.040317329089693085
5.6942640254273,4.690172964948572,0.30961608752387315,41.79271111060976,423.7335514746372,0.007959617908338205,0.003256815221907627,0.2883175244740904,7909.249808012021,0.015825282344549132,0.0612545371008978
12.240809143178124,5.955585842135939,0.21568562069095054,40.65201277022523,488.53708982474507,0.01055069930253995,0.004646385755717739,0.2284152725235431,3344.233792393681,0.028809937004852133,0.058191754379390406
12.003917219533074,2.8139249482145,0.23176944662349105,25.264122287710705,428.0105530971426,0.0032781453592213377,0.0036999648417761605,0.2389401916205604,1168.4005360843132,0.031584914739861775,0.04510428550954202
16.64202593894236,7.282575654695826,0.3146033765746643,44.81319462722249,458.6401955537933,0.011625876285149049,0.00959075386001142,0.107706844540963,4908.196837348794,0.0414260274388058,0.05937917309859064
16.44421156937883,4.305140059521847,0.23001099317747636,36.361255420887275,473.7804537814342,0.010797371026576146,0.009006762565274256,0.22197509482815272,1950.9411664318295,0.04216040725464621,0.06444153007901111
3.9628722305043236,5.33373128715151,0.16803939140162444,34.63202340475527,439.01097124557197,0.002816094315023869,0.007184934440193507,0.22473543989439568,5727.146193092582,0.010670402977250805,0.03990969872499879
5.060946739729148,2.8841795991484744,0.26981569379086695,39.690979395038475,459.68937014738134,0.010093514530182451,0.0067318187285629535,0.24324994925757626,4368.315923850535,0.013375943460436123,0.0589045729465343
5.030952175574365,5.5848655799395885,0.25942061317106835,25.421649085008738,488.21049626676734,0.011567483684541885,0.004025725144826414,0.07792722065229876,5901.11851578427,0.01279526316420378,0.056378971405503395
11.939409149116768,2.4053205903960198,0.2445958170344134,23.16796039267422,440.621411400844,0.006035201423033171,0.007186821325677165,0.17384711074966824,933.0718001492241,0.030332255436267226,0.05007406510143197
7.56434742714549,7.27797882907738,0.28808283433542436,25.12792028078744,449.0784544111943,0.009219041809779858,0.009498746570716235,0.197609935781097,6731.924325211238,0.017251421166694723,0.055883169581258926
11.977659520223764,6.661531415062547,0.15721211109928085,39.80614250317247,470.63878798115087,0.009519868881683614,0.003957826981725604,0.13020672753816015,2271.3060244783824,0.029842608817489714,0.05514234678380928
7.791549593051792,3.050239328580871,0.18774235961422867,42.63528959501184,478.38936148156057,0.005444777034914373,0.009581148315847686,0.08689835958185069,2064.2168423906346,0.020681944612023155,0.041638481091656576
6.51937984362219,4.21121280572893,0.2501442144749363,35.8954652078481,440.56064995815234,0.006313043311199742,0.004111548902411402,0.16989724355687524,4095.5675814966653,0.016357191695420322,0.04521051615376726
9.154184826212761,6.483367082197086,0.1513991883618746,29.26774134341752,444.0301148146789,0.006697985075456973,0.00798985182168271,0.28958607971727984,2873.5946840384813,0.022448170692586523,0.05975365054263564
7.218804212873684,2.8481020028911352,0.3423081740984397,40.42871896341653,495.8499553024128,0.004178328786839167,0.0021424737197573646,0.14243324120666978,3595.969337045352,0.01841566696408179,0.04402445588122456
14.475269983979622,6.715559203001233,0.2890752111326928,22.279004282936064,472.32883358152037,0.006486288084616872,0.0032631553754928397,0.10263528293568858,2609.9826086782155,0.03450149361585579,0.04449886255495576
10.12112612560799,4.232903061512862,0.28463308579360735,36.613081364541955,400.2439280405267,0.00818473698300743,0.00395015179815227,0.12506541964461804,3398.0110625526927,0.02505711960640697,0.055708118722907624
5.511155277556861,5.032893123486519,0.21387320470144064,42.9102674017938,453.43466402890505,0.010659639941704125,0.0051214482278680905,0.2516824058606289,6129.692324086272,0.015102543140403739,0.06269543290426725
3.4747527107231084,7.513173471938713,0.29337374887993595,36.00264154724329,453.2492809411833,0.00769554036216842,0.007109523051091628,0.2514423425272289,16889.20919338411,0.008391897900504857,0.056279848773543376
17.65142606724708,2.1913832506221738,0.2273153190554631,42.1691892360889,418.052296268619,0.0034133809293365796,0.004923446135199308,0.13989451614471168,780.5831441626924,0.04801065606828154,0.04551355610279519
17.594626513224043,5.853670424954386,0.32473174639637825,26.90536753168381,448.89640742999825,0.002297172133564333,0.002071041546131591,0.21752690186305004,2446.945109800113,0.047525824745289165,0.041192061142007706
3.483518793444589,4.692448394874092,0.28683038739716793,42.3535437085164,429.92301006016567,0.011742165296843302,0.008756331997277579,0.2021778201829192,12571.133022238071,0.009098861399992653,0.06524996215104212
7.54949812329836,7.956980389442176,0.3317238739509278,32.65203456823014,472.2829915775395,0.007240088946187819,0.008087444417576209,0.2515550170858348,9625.210473405674,0.018419432902526314,0.05551537622962613
16.764204489485245,4.389641498860338,0.32750244304038484,32.09841390316207,428.88529203115735,0.011006451830624953,0.00648536615134942,0.12093560260841156,2287.6145266226436,0.03981343997538053,0.059511961222767376
8.472544356159094,5.643997734466064,0.21151802288438595,22.572663210355206,426.48087373173337,0.0060868165089961014,0.009938159429378634,0.13003633333026282,2740.2017749552974,0.020699428105571738,0.04616742871293697
14.80043548292625,7.01730985512342,0.33564635922046604,36.27704408125291,499.4922730653499,0.0023328156987965083,0.008678717409148499,0.25996298746623325,4556.668265287328,0.03661475950364249,0.039738057272471754
5.926205986817697,5.618781351069286,0.22172903047269227,35.30816761588741,467.55605071583,0.005470686667461789,0.003729906394422976,0.11007261448061371,5002.689829575399,0.014369911510850703,0.051514044814048573
4.89804912859059,6.9111043415267694,0.2876295603081911,21.73212184057534,433.55978494350506,0.006667112559064771,0.004884939923094519,0.05287672869835568,7914.287752052506,0.012282402613755697,0.04476637550450644
6.994501765868171,6.919821593814383,0.25532750198744003,31.187949376586545,466.2162943958549,0.007415105603250052,0.00305211141404501,0.08233454187077308,6168.033833223452,0.01805150101786424,0.055588004881459534
8.813775938412805,5.339835037290728,0.34402315715651144,28.54064294534104,452.0195433633517,0.006803700156441156,0.007733144253966758,0.22448127503521648,5412.695194364257,0.023932813542123847,0.05424905337572949
15.167620365437063,4.289181023243863,0.34685102345798574,29.75488180301278,449.7666827341968,0.006745255948025468,0.00546931041975394,0.25677678312949404,2531.5999054997023,0.04095364632855752,0.04577192962547359
15.768319621040561,5.655200959556651,0.34200406955755613,41.93202509426229,434.87399483527315,0.010599064452908345,0.009667822512747646,0.09201521065888417,3811.2856424939673,0.040824601948813696,0.05758391146581052
4.404642068205328,6.4051281312143455,0.23396396571906855,35.095372288234486,402.5862402523498,0.008954414552103284,0.005967930833081948,0.19507028215259575,9173.358001031153,0.011200236837366784,0.053956273368720796
17.15968681929545,3.366764159922832,0.2851678024070503,22.196245056828992,471.8099785266928,0.0043843718680149305,0.00561213648183466,0.12297086816653673,1181.2717091705888,0.04163879876621291,0.03685139144500083
10.831584585446274,7.834109197639924,0.24400350450212605,42.946227735183214,446.1557658562555,0.0030754330087493947,0.0038412231622075212,0.13410494929612807,4992.0141443446255,0.02905823028515708,0.04268204106463844
11.674626778780102,4.947377307420143,0.22945412365781337,35.692618555968274,412.4607165444381,0.0036253318821690564,0.004424930827173599,0.06793169260910083,2118.9196855463156,0.029238461477701278,0.04130487887645839
16.53912164248205,7.985258889332521,0.2475180955656186,32.888881752522195,477.33987622374383,0.002361895776205751,0.005416171855207826,0.047951806908188746,2656.4603998892762,0.039428464154774134,0.03670776612625427
17.77568813527827,6.4762917540236105,0.27162201436131767,39.10129999025384,465.90916729709846,0.006640660299019084,0.004340370672041681,0.16564985661361933,2732.3314823893834,0.04161934726518696,0.050535000850169966
11.480926484550611,3.4717021448726286,0.2087216207883139,32.97667540277732,416.2526253021581,0.011623798836359191,0.00557555452314301,0.11863818429549029,1605.6214154253403,0.030879170747602616,0.06145884545066612
9.24607732261946,3.4731967960308543,0.29902748373507704,43.691389817800015,438.08097056520205,0.003348760683792313,0.002873557978181899,0.021781352253488057,2604.0632445776005,0.02429169032036939,0.04515915087719585
14.762958815143882,2.9731026697762615,0.3455418911826243,28.86752263204682,433.36196094925435,0.00887336952892439,0.002392393496595611,0.2512155243741166,1853.2213865275357,0.03799240127952945,0.05581872982396348
8.854705058498265,2.3955283340939415,0.30853348684688464,35.33179408571522,490.9338689122084,0.0031596290016683254,0.0044409845047528665,0.1209837230425482,1891.8101687203318,0.023011940951248196,0.038569764846579445
7.431107374862316,4.961818451385484,0.1557921860162597,27.07170907461331,437.400350811964,0.007938062065254482,0.005766763948793392,0.12205301673755925,2564.6333014096854,0.017830512293308013,0.056585030601909725
8.143138188906185,6.22954189812212,0.3055881197517061,40.809524921631535,420.9331218897029,0.007392669612444156,0.009200088788202276,0.12974612742561767,7138.181503421456,0.02360642451028164,0.05236164505963421
13.58402984192454,7.101104762245351,0.18015870332680348,38.1468776641737,446.97382220104424,0.010528908846746433,0.00925961853468725,0.26429577288328054,2913.612131497131,0.035137732986217064,0.06397084677917836
12.320226610063965,5.605256362870941,0.1590010774796222,41.54479253294252,404.6403560829161,0.005135096063846739,0.009406904522297723,0.2859286399642634,2130.101640158052,0.030955974897407704,0.05095443438997568
10.319167302436258,2.6138775504982954,0.32450722179399394,34.452893598396116,440.45058991667554,0.002795307024808044,0.005241925414533044,0.2625336503492305,2081.47615528209,0.02602264207417195,0.041552123268835714
8.88462736061257,2.608250496115512,0.33680823839865415,36.65500907114102,409.4823001303945,0.009880574623804607,0.004947247428575543,0.08856378047490183,2431.988665807376,0.02267201540900053,0.06011917887373498
15.657074896427543,7.56834557591341,0.21851094088328793,36.418478115961065,422.6823438368834,0.007602130709847091,0.004032221809225512,0.17997982241568677,2892.5663715554074,0.03897721121551393,0.05310650680755177
8.053773741732599,6.659977333549656,0.1691008261464389,38.768661808930176,428.2459129612704,0.003356417686758623,0.00742552974322891,0.15154590898942896,3847.5031037292138,0.020342392173765253,0.0437415840583607
3.770703736390155,5.607005023688582,0.2747729284710833,22.13218935636275,437.84393318878176,0.008128512795604274,0.007253445246024611,0.2519172125974344,9143.711936769967,0.009966999307898712,0.0519389455918808
7.680679249504785,2.3229524146496696,0.15084518524102092,41.067009986844596,420.02318225223866,0.008302546641591356,0.0066163798291513564,0.1318972614873453,1357.8366980497062,0.018781684836914714,0.05282384723043466
14.65041110035027,5.041992908010574,0.21940385781656935,38.445231756280265,468.60656296462696,0.00510588237868949,0.00986431097198305,0.2016383762792909,2324.305938471152,0.038633249426310516,0.045627526774311804
9.704610034896621,5.783754225858058,0.25255272614607555,39.312790403313386,426.2567712467902,0.009021569952824843,0.008532776375129301,0.23421399316322689,4741.936317852067,0.025225382646243057,0.06300523830521243
13.457873570611545,7.812069206698766,0.26473012997490764,26.215591487625424,499.8753805774213,0.0037467729282147895,0.004684461578998874,0.06817741275680698,2943.5661730860843,0.033480070378487166,0.04349875776201702
16.919751000831443,4.86994631500535,0.2529252652427288,42.28037054204323,481.77579940148325,0.004397220312254442,0.002103407641830802,0.19625988581657428,2123.8656070665766,0.042908504649055504,0.0476333615223525
14.120326360129603,6.01723569566762,0.26300650748171056,41.72006817650361,478.4242352939033,0.008679520914227804,0.007318069352185747,0.20541673760351692,3434.7529073249248,0.037664166030157334,0.05398524993693113
12.157417222053466,4.939883373803259,0.1753322707822083,37.84629092767597,464.59985705779656,0.0054224842597350355,0.004850585329720615,0.08908226755787063,1697.9117467108615,0.031115995239567006,0.04272529723427833
10.915922641889958,7.855106203490684,0.1610245227844309,21.822857617283404,456.8611017973373,0.004032792226889068,0.0068344333084015396,0.23879844799320962,2489.645058897282,0.02751984571737809,0.0471821623750957
15.507953560094569,4.978064540218144,0.1912307173812043,35.05918213405519,445.4517068724999,0.009719254270044858,0.006444608513623585,0.09823839659172062,1602.8894955923186,0.0396691638327816,0.05315667027246285
11.446084847129917,7.689920359075237,0.2911032521875472,28.171280674991493,471.0873175292858,0.004826063110021789,0.006341510700330095,0.16744681386051477,4964.62519502356,0.026740289098012904,0.046692975739198686
6.758978046231505,6.806162261785915,0.283474116002428,33.78309918061835,413.75148694651637,0.004045707527063778,0.0034318209887232312,0.18430239251265063,7241.189036366495,0.017348485163875885,0.04252030837827723
7.105899366935198,2.943544753622133,0.3451355683795803,26.65464563034756,420.1313185038794,0.008208752935822593,0.0064494926685982916,0.08323841545874576,3015.377229098107,0.017079457415474508,0.05198850546492494
4.236221860595203,4.1892093558546355,0.34500326557496347,34.13392797142473,475.47261030154675,0.005214957522315594,0.007754712523866634,0.29053073547426006,8920.6702155371,0.010155027146393462,0.048675342198001605
14.228871186970858,3.5130034330888997,0.2786181538354483,33.2641500350973,495.6402645477436,0.011046750477895155,0.005173380791400618,0.2851235304307053,1975.4766634422872,0.035662259904270625,0.05690746301920112
5.4118536098930665,2.4612454680428013,0.1715986229298122,44.44685698543387,421.21672992161524,0.00890854582340663,0.0070922260614621575,0.19672056215884104,2372.023034120123,0.014354741227115567,0.056195979358903754
11.556079749676666,3.116974803654072,0.2946121194149418,22.757835885996265,459.1200011819622,0.006362593324013133,0.004002292745064589,0.24606891692731883,1659.3259333166895,0.03064514893743109,0.05048059384759953
8.408813207431244,3.8309175851515596,0.17749733668378043,42.99186758241494,462.7531858823272,0.0023178358214340318,0.006087995316492884,0.04402370539222833,1929.5528966117336,0.021224137186399598,0.034908687615938995
15.237908896751593,3.5739030629976662,0.2582968728333398,36.33693303913282,496.23045335751664,0.006938116928798459,0.00933852617830339,0.11936005557735567,1708.7234069562526,0.03587008636434093,0.045508987563155794
4.329179906324947,7.916302140101956,0.3407872799724736,31.613127324417064,452.39352179902534,0.007977748623180222,0.00420030047751736,0.2088520018574455,15249.433211754158,0.011231125513684348,0.0525915832714293
16.787789158374,2.6902704940736917,0.27583443374210226,23.474126318634124,414.61007091329225,0.00220538314028829,0.0049069126708540765,0.19908311803817058,900.0931255259336,0.04208068876500558,0.03838000119729104
5.10260615991358,2.3440244205302934,0.275071628086934,36.67738331940582,455.6703735141704,0.0044576246632407075,0.008486121735858032,0.04119208433895198,3140.6062250826153,0.012308152279610516,0.04086808003025649
9.265886817352447,6.308618332626028,0.16043844049538694,34.32199172352883,414.48778988800797,0.008823816316104738,0.0029596450504934596,0.04060333042653923,2296.0770432374143,0.021814293849771668,0.05528034040863422
15.371027956885081,6.858129846849358,0.3208251515561552,28.826397350129128,452.8048028750209,0.00973347352606152,0.003095884120088644,0.22282944618040107,3619.8151397332167,0.03863689285607335,0.05817577195030035
10.399579690346338,4.908375528002985,0.18627240956898206,29.302016938911688,472.7123665317149,0.007409436208543885,0.006234449632802103,0.07466885047276223,2068.491430539184,0.0265676578960323,0.047934973667949465
17.15677127394494,5.04079248119363,0.25560732950247306,44.55292584515534,436.64061371704935,0.011430206845624496,0.00755940288908384,0.19726677716854393,2819.5897327455946,0.04246113007365499,0.05980542452172015
3.152564429935876,2.426015064622301,0.2690653511388746,38.38732399375266,416.7948331924277,0.00932500412673774,0.009597806612758015,0.22808930260333504,6375.076888860353,0.007639660791266272,0.06314642107041657
8.41334913233754,7.695601776618903,0.2822421157940237,39.93659361441773,496.86946188446774,0.004314369205126657,0.004573493338612428,0.20054446279365987,7049.000443342909,0.0222816767307991,0.04603952725164873
13.861561250040925,2.8761897480796734,0.3289546938557033,23.42196074497093,486.3491133762435,0.006978094277362325,0.005429176027902415,0.16018529296112075,1378.873697847574,0.033643872064130935,0.047991609149628404
15.014328633281984,2.9782912069479757,0.2846841956258124,41.56409435917021,481.9767588618809,0.006256324432971814,0.0023847427227689268,0.28072743843264975,1644.1504997342174,0.04066987401549557,0.051916173187192015
6.959583232380338,7.0084875390037515,0.16521031216386312,38.77706881718906,496.57894904415315,0.011957687968741736,0.009390434880513332,0.2638134735137666,5333.606841143565,0.017490373563292253,0.06170656885182739
11.0155876053778,4.412465926362078,0.17185345071163763,35.175217867803,470.0545948522198,0.00603996583181529,0.005248236485044255,0.18052718940000503,1769.7611836135486,0.03012917360439742,0.04989201641095277
5.113362926533202,2.0329303768075424,0.32137830827714264,41.71697701919206,409.530660451771,0.0035224130288880103,0.005583217850062144,0.07199716845856836,3031.690556015428,0.013259310735734511,0.03773874915540565
8.741873476708562,4.7896789021535096,0.23495142353912035,24.675820380831688,422.02814853085624,0.002648076989104266,0.00292228460239257,0.29381055027729613,2788.333495932784,0.022259557851287876,0.04238769751929863
14.327463067451273,7.544856861123692,0.3079501074133302,35.70277990642012,481.3232915610576,0.006042302329328585,0.0088759788406455,0.24358527789869092,4670.659064598658,0.03441277221333773,0.05030581068043575
4.293493745515432,7.0771762564866485,0.15158993686022446,38.52392404932865,498.8192120997186,0.006820197667062357,0.004969924239531477,0.18963322725291973,6537.070217566853,0.011845232212732683,0.05081169292118339
12.107670211302702,7.639278925125832,0.20968799515175268,30.042111917496314,499.33333014602897,0.003762221652065158,0.0026157453470024325,0.18513146688656967,2953.9177678707583,0.030542897516058938,0.03578969344633042
12.892686010369994,5.0625514978857185,0.22674960924587664,34.82874202612436,464.33857530332386,0.010034820462916507,0.008342006625678779,0.20614421434418537,2543.5611610440774,0.03448963819413759,0.058929372074586886
17.35019161985225,7.350453813907523,0.21418543590159195,21.48442604656895,460.39759467582877,0.0063841757686638806,0.007996533300689055,0.16688793406241428,1914.402654350623,0.04732396230450277,0.0489518979970348
3.5653454357257512,6.420018016389722,0.20838870159028644,31.86335527301993,453.10054319116085,0.004500813573072011,0.007215683543981302,0.2141638210674053,10063.324257016486,0.009577314852756043,0.041035804736640036
13.824563397616979,5.267620063431435,0.3055349559736028,23.583477432956236,411.821126784453,0.008574893002963449,0.007546670943161031,0.24806751948989963,2690.200205290379,0.03564531803394445,0.054994129226182895
6.355493607435226,5.101567193563945,0.2776890048781192,26.146788275464328,437.55634102501415,0.0041633881013570795,0.00922354323542879,0.0863036869403977,4527.9541566057105,0.01650354652886592,0.04150924939330398
5.873793524502254,5.649251067841714,0.15352997490222453,27.88185419417153,405.81668913232994,0.0060365877029916765,0.0023886139026388607,0.1901116974538318,3266.1191587160774,0.015909799357375753,0.04583039686890139
16.02750242942615,6.141729003985558,0.16133004385996408,31.57840100883425,476.7756493372481,0.0051089392672022975,0.005052470191258119,0.19628907164303197,1561.58677407501,0.040155182519383735,0.04471941878053873
3.400079994693905,2.0319378922425217,0.22991087499987914,42.22208077140907,481.97620792179293,0.01112045798249695,0.006270258554631192,0.14564894548504598,4182.006524886112,0.008914131918676332,0.0637602660242583
10.442641384270912,4.730404586309061,0.25303349740282344,40.05970843474081,422.44710859825636,0.009099006789949233,0.007686157926832264,0.25787477903229117,3606.927020529122,0.025677035130830105,0.060210971086705145
15.758105811922176,7.790701169767904,0.26897372293588023,26.091215410152483,418.45846958246455,0.008394439539862675,0.003680553176475237,0.1748644786978481,2929.486976727527,0.0407706314484703,0.05466159220984872
3.5421050533661065,3.5245074705473294,0.2896382919238549,29.649389883172717,415.8298917289922,0.0030576773376032713,0.0027604270252056715,0.20455736127301063,7074.670119282425,0.009188648984751815,0.041742508804341695
5.297052790318074,5.003625348560524,0.16198755532007597,43.22060300646451,405.8027554002607,0.006235301948939185,0.002004568451225378,0.24012212285930842,4374.480057385133,0.013996776341134812,0.052750337012564597
6.746035783288358,3.2145176553835695,0.22153558667540446,40.88166919620852,486.1956548335456,0.003752853795243258,0.004827584317474646,0.08649758749263109,2808.9194903835255,0.01756827734974579,0.04666692303550375
14.224768963553498,6.6425668921780545,0.15783917823665602,42.96313078154559,457.4738377974235,0.0070380280468451874,0.0020846827682222493,0.2713454189215493,2173.955409697638,0.03619942959855946,0.05388464490911971
14.950404202663206,6.157590491346815,0.33419278046716533,26.411620472149192,420.2100104732907,0.00912541561945122,0.0060111584046677515,0.18776512769376358,3495.783598362955,0.03757643124202635,0.05800969118396255
7.783010339037787,7.153942661598153,0.17153527058512014,36.21609544706848,489.01325075267977,0.004526941279017047,0.004614677399391304,0.10552369797796689,3532.6188959301726,0.02002084540723736,0.03810272934902953
16.3693083263469,3.2280597749520448,0.2568160021977059,35.275317502494275,404.0751843647542,0.0029571232765433723,0.009773517683436414,0.20606345524182706,1345.7099882164048,0.04380281793135096,0.04136070384636313
4.127993581177134,6.0845125882867475,0.24987036117369368,25.918075226662157,487.770227208882,0.004913798583002542,0.004276453083626463,0.09637660290183804,7493.806061325881,0.010175372596063369,0.04332317808091201
6.440088293764196,6.71818757325685,0.26460911530561915,28.40831063166403,403.5454132407751,0.0101894754985111,0.003928570972106851,0.1968880501401774,6940.273444738422,0.016610200056134367,0.06420265625749051
15.21494033700193,4.918827623820093,0.28606827404847657,32.43826167817854,474.45862712787306,0.003343285458188941,0.005570807961872242,0.1139504095804008,2393.313067010436,0.03739088460998125,0.04084937459996088
17.647328560635437,2.0929528567287683,0.15201458896347977,29.962591644807787,462.03763493468176,0.0037965322681492823,0.006265552031233288,0.22237615102977404,479.5522472787852,0.04764411883169708,0.04077214503003879
12.636231206808734,2.6643191491194544,0.29189727774426527,41.17095232949966,410.52851423306225,0.0032586315437006623,0.004248379315097821,0.0233420283050922,1602.480189807698,0.032618288349664334,0.04010712106590884
17.38443254477454,6.992175525916562,0.31284858619366984,29.148056877639014,433.48633934646455,0.004917379598126468,0.004773566094210559,0.12346245318075814,2782.5495804190346,0.04621748962226338,0.04724571249850682
7.6402100811998785,2.9920818089452865,0.22468207963569953,32.541786557194456,472.07283866671287,0.009112377614746703,0.0036215602486665936,0.030263510647106397,2066.3644573494266,0.019020611597024242,0.05416108865411435
17.690191787289066,3.086428225431326,0.21377478868459376,38.40274359166973,450.91827828619216,0.0024392814357338494,0.0032935201452905733,0.2818698753364949,1114.6632464968727,0.04639147977963411,0.04231876875670623
6.981585940873859,6.3504680188321405,0.18397903580603603,27.83400659601097,431.18220308842075,0.011964349905642236,0.0037165783617436584,0.05617809009740379,3710.60983435965,0.018009254766351533,0.06110773978684775
12.75684941470035,5.461168988423113,0.30026774230931536,38.4239749715532,411.0526189418314,0.01199466110406689,0.00953511781158983,0.27104574960133654,3935.717342799951,0.03267960478371262,0.06891967036890084
3.2240541634234865,4.996817011672658,0.274753913531984,36.80894901059877,433.2139465051313,0.006712823502935495,0.007090484853300595,0.13992554287705086,11707.42316706713,0.008427676304304183,0.04954513680858874
3.3491922222337953,6.141801220810247,0.23252901950910054,41.14730278109439,417.3015409486262,0.0021382691405229188,0.005104658800909699,0.22609794920608567,11113.644910203699,0.008613628692518537,0.036461982176924125
15.192259247945499,2.4219827472056843,0.26445446951697665,43.18316191234729,439.638514749074,0.011601006296631156,0.0037654807738328423,0.04957746666935019,1161.5314680978313,0.038376088041175545,0.06200607627035937
15.002404790984286,3.0151835952816857,0.2991140792001879,34.368646593298344,417.5016975394372,0.009180872494376087,0.007710048907651419,0.16432186416016326,1562.0365984826728,0.038404801225859986,0.05741524963774948
12.837188073887328,6.855448901440304,0.2893941058100483,40.907367964614934,416.24908197489236,0.006969502245470444,0.007336998164018347,0.04894917197066102,4193.84541447671,0.03252407695281594,0.04291692528932029
12.906242684123965,2.217228880736454,0.3440865834180646,24.34816562174988,423.25622335524895,0.011749672819047242,0.008168263973227,0.28224147050598186,1473.946273071244,0.03394266825530961,0.06767094523290865
7.903221625492881,7.683626438266218,0.3221251232311289,29.627770762615835,437.32674176207036,0.004976943902758848,0.004609041141000032,0.26098689056085994,7836.422156212517,0.020007225558207293,0.04702826821335363
11.139545327742132,4.702674740863421,0.2124739609399176,22.77390311668569,422.4486478027513,0.002904584099368713,0.003013595437723426,0.06578463235535555,1576.693592742039,0.028210248233265216,0.039984307476187066
4.857286390154618,4.298893234157522,0.3259055119429561,23.557631284578292,448.3604251754121,0.010447835975413957,0.006455700992273121,0.0788962067183728,6287.690436704382,0.012239243066510808,0.0526833922511296
3.1179703484414087,6.9523572987630295,0.2143114723118137,24.30647756654171,451.8551226162982,0.011208332957250901,0.002067846916179182,0.035720191389396055,9810.342968487199,0.00753049304434882,0.052934601754767364
16.46322657698107,2.264507333224869,0.2180281739287487,29.4323493453293,434.0127225986342,0.0068768591212339065,0.008324616361556885,0.10900713259278885,740.962769001995,0.041238051411223935,0.05316160852267874
8.626320384983178,5.235264813773424,0.17154995007444987,43.883108322261805,490.6214116801778,0.010263963042906289,0.009142262587104415,0.0610726036508161,3117.8173593896413,0.022448125124091403,0.05620256300458505
5.841565237491997,3.319672130851834,0.28734289127100215,23.133591818104037,473.236717691664,0.0046812728831412236,0.007287482922137179,0.2644505801809849,3648.375237070567,0.015893322654336173,0.04571975139338596
3.669209575425988,2.5328712920840477,0.26596358249394314,29.35722849697563,424.31069773958984,0.004193065577971913,0.009588652255224792,0.053268641249780826,3952.400919319312,0.008594102034909267,0.04156603153225179
16.81429781213587,2.594591544560623,0.2864941201372345,36.09277145189972,480.90638551047374,0.008513877305621524,0.008155099337727836,0.13794961046078769,1279.7452583822653,0.045067626033409865,0.05755857731808827
10.6730782540008,3.233350436327296,0.20162165216127506,29.603933785425443,400.9284385423503,0.0061736344958023695,0.0020221478061113025,0.17820432205797426,1311.5693345127013,0.028735812755631498,0.046147485609810794
3.0001975283431124,2.356651839705857,0.28969248817511106,40.26960355096249,471.7701570889394,0.008630122425535517,0.00765906131049248,0.2270851792229264,6405.575066913309,0.007592009718300047,0.05846170201031416
3.949073272419371,4.166719659376634,0.2555193429097591,39.302857294121466,433.47078187910125,0.004751170766336348,0.008251586464948236,0.08981431840711859,6815.296452460892,0.010365543441182212,0.03981619763072354
9.016134141395854,3.797062683845857,0.15067138277740252,26.65222218770995,433.7653558878874,0.0051362489452666275,0.008284443971817657,0.03326297351021244,1317.1659343252365,0.023015601296998957,0.04545113503598494
14.853141555466445,7.892969595428081,0.33203210633920366,28.579506530786027,469.158341233058,0.005065540874784084,0.009105689503436992,0.13501080359085557,4164.181441372896,0.037057625552446474,0.04876246965700848
17.496203300464522,2.3989285134466813,0.19866777560777196,28.220585948809095,442.4352060954762,0.00673130045948536,0.004331779424533904,0.24132611848060792,730.9045120878839,0.04396803314210252,0.04663571551648618
12.055473587393795,4.1249535553569245,0.18757824843933024,24.224308665688703,474.41747391490617,0.00669131997583516,0.002370556409338941,0.29547506194393364,1440.2141480722955,0.029419161635665898,0.05596401984304771
17.331579312120375,3.1971501255447636,0.18702722458776322,42.36803363448861,489.1717064005728,0.006990194854990422,0.0030062908428318295,0.10546060829691613,934.9447525639125,0.04255269800947341,0.045873170137124594
3.9185052272530174,5.994360089436683,0.2978994082876587,31.17635222072862,458.3097611617869,0.011873714975240833,0.003959988794877275,0.1804337542637902,11312.46535978166,0.010338716863161207,0.06042157736881251
12.075112978831747,5.04734013434774,0.1746030053322346,37.87702078304221,413.21073614947005,0.0022656989336422365,0.005908249304507698,0.180284676201365,1669.3405329241536,0.03314947184413621,0.04286876240008197
8.19582058546133,5.053488095479805,0.3448537981323711,31.01732525142663,480.7290424802384,0.007259891177444961,0.0037916948122405127,0.18251721841904717,5558.994938517095,0.020991493876069436,0.046340135873766064
5.897157485326355,4.225527063196602,0.3277193807618576,30.30847376636822,484.5187627490991,0.007556130201315813,0.0020609176337805356,0.07284627961290023,5052.843744945066,0.01671948835582029,0.04864202376546663
7.651800304551793,6.299374269696457,0.30440503197945196,44.41679046567013,401.81764831689605,0.011522372151232462,0.005132721740833322,0.2546378736085627,8256.383398413738,0.02034041595569297,0.07273218693568644
15.427088855672963,3.5840814250270006,0.24844827723572127,34.44418797041941,474.25210934274884,0.006716353370415371,0.00744226319071595,0.15588234697743308,1553.290069797633,0.0378749405059038,0.048810427362488744
5.899172458048399,6.077845049714332,0.16542361669843236,26.254920539068415,479.21575286647993,0.0063507014433006595,0.005984353341209736,0.2964711371753884,4328.647171180041,0.015352709040381331,0.05427616784974333
6.667527894912444,6.355520146378815,0.3051644063969524,34.57173489633873,425.5046398698161,0.007217418945268237,0.0021196604474714737,0.21090426396770293,7820.317492527143,0.01733027851555291,0.05087560622990817
14.451398027431827,3.8493424734098785,0.2770753301264612,35.43583112315936,414.318027922687,0.003932593011143659,0.007465649089825037,0.2813944609556024,2157.4396343390026,0.038809187633807786,0.04604550101125134
9.608674502671931,2.3250322610080625,0.22930076934493943,42.60605304282935,480.49468003915484,0.011274235685770654,0.003222652681059285,0.16166817197087224,1516.975361270015,0.025418710939301765,0.057870482906004536
12.707813052227403,3.6019247478980896,0.2513538848494413,21.553678883743867,412.9946052600428,0.0071825086276079125,0.004477378205055302,0.2903875319310246,1681.5956325740922,0.03036262976323809,0.05310041774499423
13.878868107715071,3.0290404283018835,0.1875624738010118,31.171373343376104,426.4060589153465,0.008165770797461894,0.00588554005779011,0.051206168413624416,923.7352751404499,0.036202861160197976,0.04773258325708002
3.059134987990226,5.7584002006192225,0.20656997140618688,32.86489783703985,429.772060382129,0.011962607446422429,0.003846738517692988,0.2756006884169918,11364.777874501297,0.008241397952721349,0.06311070772167182
8.715533203481868,7.936034524350788,0.2737592454675212,34.07472570769532,403.5917881339427,0.010478430303970257,0.002670443646457592,0.033152262769626774,5816.344804237708,0.023334434733746766,0.0563755611621354
14.85118198624258,3.185792867035058,0.2244159056854553,39.725766350853185,452.70924474690975,0.003744919420240793,0.005168441621426667,0.1952620252627179,1198.7045443832724,0.03891882571551239,0.04368655707740223
13.575124149487923,3.505188844743383,0.32243178284276297,30.213357797427324,419.96150377543,0.006679471865102345,0.004041583794520043,0.08603001677939816,1713.296163065633,0.034737267713948486,0.052437444612372555
8.965048057055865,2.400822581581636,0.24679499969311064,31.41075544868126,419.69789482530393,0.010961449011441202,0.009793186024165512,0.0344892126492628,1702.1187334859615,0.022111748985652283,0.057388081624867575
12.527341774242194,2.771859150100847,0.16388130165949946,44.84373780125425,463.63698584586604,0.0045322262453323355,0.0056002716472301275,0.2860246910433953,1110.7848585538964,0.032195571420097144,0.05227028827955515
8.162344741362649,6.176054024462616,0.28209970075651847,39.5090848948762,436.59291642674856,0.0025223649849813274,0.0033683139289000883,0.19263503254865255,5749.34330583327,0.020948574432540737,0.036715562612862386
4.271372185723387,2.103731763114875,0.3064283514644145,34.185034420556704,478.2712102731508,0.0036278846147938886,0.005259385366169149,0.27736740038183244,3917.184927165635,0.011625887659846531,0.04386596064795749
11.918045109326345,7.7121830351464,0.33129368421097516,38.986329365293706,401.91572378782524,0.006803869684065602,0.009168815492296312,0.14142230467205363,5941.84176727705,0.029922302427412003,0.05371710022226506
10.639081127800253,6.173702813870886,0.16307379444792414,29.27158876969842,471.70810630539864,0.0035707136230703415,0.004786719186164181,0.21317489029082548,2187.5358494606053,0.027640560572304154,0.044703774057216775
16.879962881984945,4.840622323446711,0.18205488202226447,39.550357533215006,424.3139575393144,0.01042821309999105,0.006697154729240786,0.13034604179136902,1484.8526899666515,0.044392703715387505,0.056818162700099005
6.215445746423443,7.568950715310058,0.1562682082919711,39.46087875679384,491.96681307115654,0.005940521909865296,0.002584537495962138,0.24530690881823877,5125.132381557565,0.016917343984734996,0.04998366465196434
15.142036020152243,3.1522578635007172,0.275795151278254,31.33513582837966,417.44157522542633,0.010314402072509596,0.004597446657599414,0.2816393123834045,1687.399639314726,0.038889428708372774,0.05863641132759267
9.01006334784458,6.907797649022624,0.28550016989722515,39.568563146962134,442.10841596112084,0.004614372247027355,0.002694921748225456,0.2374636771955325,6155.858910630757,0.02325049712915186,0.04246527195042403
9.467067845538603,6.103397462407099,0.2717468231517217,44.32929116746333,413.89039076492315,0.007735193132327168,0.002505921307218512,0.24621715723829593,5872.023698214893,0.024682519916396063,0.05168473079486086
9.825039127373675,3.366716571880683,0.24450015222206736,22.69996311929614,489.78611096393877,0.009309583747344611,0.008082526289720223,0.2648581251251638,1981.8788520932724,0.02658830289990157,0.06427421981945088
8.60047169971429,7.6045082862783335,0.3398180982462759,39.4289007725711,420.44305830713876,0.003944498584641606,0.009038172087045764,0.059736458443114926,8458.268686040221,0.021679914510889183,0.04204206644458648
13.160730385154707,7.757414459911627,0.3055267476480597,32.66790223443729,444.07115082022165,0.011076641883223869,0.006624856787790032,0.15905892645853464,4502.060350446618,0.031575259054186414,0.058831522356115135
15.826671607280161,5.643570204196741,0.18297542024501376,28.153150236017932,498.9933512589531,0.008344236324636553,0.007088897127736979,0.040205825698442166,1512.7691903649938,0.03949096311656578,0.053388328370418646
7.640833746763103,6.188331370316551,0.3166748788943738,39.86691383575808,497.7047372047879,0.008368553986669426,0.004569803452470923,0.15941973165918938,6852.334351198273,0.019347589240790365,0.049424099771164534
13.872518704897061,4.666564559092465,0.3133140790379445,24.448406067815732,433.56964631494066,0.004680999065901012,0.007582945184530188,0.23261217973146184,2505.7622212451897,0.03760470389205966,0.04598674933538147
13.527421407195787,7.953905801595484,0.30558436816636186,26.354695756503073,462.3122739594236,0.0049495681066425296,0.0022414124233302636,0.07035039958363339,3737.5264178662687,0.03265306487036574,0.041106193485006354
7.392482010456476,6.542239705670672,0.33977251096855415,34.78255476162659,448.5408942010055,0.009501271755902638,0.0027767211191447204,0.13989938449576783,6994.139674892303,0.018362487676504266,0.05381546869651711
15.723980397749719,6.1872375672062105,0.2561111614369675,40.86910371224117,487.32824152552695,0.006804845926588137,0.009885295263110173,0.26494907499417,3279.6269363506617,0.03957829460315592,0.054714504142596807
14.645978690644274,2.6669255419921085,0.24396001326385264,35.51645261051346,487.83468283705156,0.0104711386289348,0.008114223368477863,0.1341543879311357,1221.484462432725,0.03658619319273072,0.06212765702163151
11.419717251129237,7.884069094780067,0.2600619551614549,36.49336481425074,467.7575471916174,0.01030388357675505,0.00547984542485639,0.15930277229469933,5071.446908506426,0.030047268806616477,0.059972919883916724
10.614371233330495,6.599343161059387,0.15351398093639732,34.533972638024956,417.344501731069,0.004793833397838537,0.0022777062406959835,0.06744957285205262,2011.6407934831695,0.028585517491013526,0.041926515711036144
12.177852821567903,6.6620417185955905,0.32931085443703234,33.463321429569795,403.52839994177015,0.009093958205800527,0.00987682001657938,0.09225482767214917,4997.339712915536,0.03257578941420431,0.05323455073678703
13.820999908130354,4.2704263385363,0.33821682509174533,39.95180289032545,402.7647025087695,0.010185488820337247,0.008182859379509268,0.16461824394674537,3499.888628789418,0.03280826441442504,0.060524562766901206
5.391935149399477,3.877392997094196,0.20304048067149785,37.345416711634805,417.88733500408455,0.008447724364328071,0.005727735578110096,0.2551050602352989,4482.992495487767,0.013689881276638727,0.05788930424184634
5.779313686560343,6.1169981141113015,0.19292494982415503,40.75930334953098,463.5723154536569,0.004941176942816511,0.0039929890270680515,0.14028174341272037,5508.822547510156,0.015548610458258042,0.04616254958725945
7.534308232063501,4.5371057808183055,0.2671164026888486,24.588648211552776,433.52830205289246,0.010855970205679587,0.005812380107309197,0.228360103292163,3815.1859305833095,0.020824847547794508,0.053842583786231996
6.890467682844263,3.4988125958375,0.34787077097832175,41.855808223661334,473.77548964496447,0.0033714453905553327,0.0022417976894781332,0.06911550117518603,4409.957621203012,0.016502898499729572,0.03954585732002722
17.53170887052566,2.8794926174138062,0.26183008800120733,25.397331033569035,430.6428604804306,0.011401350189632255,0.008946228132389468,0.0485036599765641,995.4468387606715,0.044634795586911254,0.06229278529240481
7.364507719956893,3.7587378807507403,0.19581585375401414,43.45623288470503,438.88711406990774,0.007852690631138904,0.004412596594028116,0.21674592123617317,2950.1629796191464,0.01962919839181933,0.046418806256279414
13.900019374730249,3.5900080168439734,0.22100934254493765,43.97425203198773,410.4330294995314,0.0038314706654667104,0.005440306919785866,0.09898769369554702,1568.2236670697282,0.03317617922139648,0.04042362802452359
12.167959521041547,4.600524992122069,0.3020774507450332,22.010363948310474,431.2891336655881,0.00884430041394894,0.00463716086300306,0.041989878524025845,2360.128468719049,0.03144077280428382,0.05027243736442279
13.869470463174817,6.652734298145454,0.2770601488845398,26.86161716539546,480.52953571950616,0.004144425017784654,0.009246567617370804,0.21786079575978295,3069.8816730215162,0.03623625125301349,0.044306949765773734
9.78973344469577,4.523067156190921,0.27132601328818334,38.38988401879107,489.59766157245605,0.004729448129472253,0.00704621018328339,0.21217593121107634,3712.1988030940947,0.026665873918466358,0.0472434824598174
14.435682256006375,3.8000588242448083,0.1916106324796486,34.09990065024297,426.7610857662177,0.0023323316276453905,0.0024126059470584433,0.2146029473883249,1161.163453359687,0.03955605052892829,0.04082207471719371
15.271248157940295,3.568615381842319,0.3491252923207761,34.51833997984944,423.26325485601006,0.00696004769524344,0.0046830501746371895,0.23825215569554534,2076.843034533561,0.041209649766581494,0.05365633742612964
6.446667344146219,5.126034843371725,0.3199844440332754,30.057311330786675,406.0407576795632,0.004916343565385166,0.003935362491798487,0.26361753323294923,6730.49553009818,0.016920287304682702,0.05114192036042966
7.487817785778056,6.567197345164375,0.15455282430374429,23.498788207476675,416.1865090003278,0.005124183368725084,0.005223897721035027,0.1535644494050312,2494.4965999431165,0.019787575140412777,0.04485011314981831
3.3549203030139667,6.856823809152349,0.33583096503024024,38.048853927831225,459.5960517274832,0.008570185293286329,0.007217776372940754,0.28087743809862015,19860.429323983535,0.009074914072557262,0.04867320714437479
15.042105806012584,2.0062289430328253,0.25540318336554313,36.66903215562475,471.72054497375814,0.005687894093962811,0.004365155364892738,0.07099991863901438,775.6752560424651,0.0390775131119475,0.0449558428732514
8.399488907365384,3.547130839629216,0.3077587645341554,38.39952043786052,450.53398311374923,0.005890302595388575,0.0029903832299614,0.2398388049458262,3959.773293467823,0.021759899590542208,0.05166060404262491
12.895090596177932,7.575433201062477,0.24488249206792878,31.91082777753432,493.723929031408,0.011597914282435333,0.00968613855103109,0.24929127029408396,4379.84290929104,0.03547290302936655,0.06387474630934001
17.07446237276683,4.181325770481799,0.30134348536470745,43.15210442618659,497.03921628814294,0.01147674146875356,0.0064404607817782076,0.15772642090224367,2429.058407418369,0.04567002301492743,0.05985355460740633
17.447734466187526,6.135168930945017,0.2572608019596315,24.169195028191336,451.3240249016329,0.01144221153521555,0.006823130586789373,0.13329601428306972,2133.3114092654523,0.044774561411968415,0.06319917695922646
9.00132248479343,5.648366014605932,0.20584052253656615,31.826047107803436,421.9882636783143,0.007314722618655752,0.006625921079717296,0.11459428611661647,3093.4700467311036,0.023063592812885825,0.05020773973983996
13.671916735711765,3.32982802143622,0.1735954042213121,44.972920554342934,425.9916501889057,0.010960483154281322,0.0068734876300153396,0.22021964670590818,1348.3438466253747,0.03552056762000781,0.05637444782579845
15.419591497301763,4.098112792101604,0.3027701392822928,34.032966200266266,490.9049140560065,0.010028243713039679,0.002327966158416246,0.2661972722135523,2100.935457832387,0.037932283793028036,0.05496276868362145
15.110638347556803,5.884934255741515,0.21776526350439604,42.216733228624,456.5566688453173,0.010529279310194022,0.007360909988673943,0.10078450903737989,2655.509604097248,0.03688291819985373,0.05860507871473918
9.052644423798824,2.818065218466124,0.28724257600723235,31.339180752139537,493.4612510355642,0.011650971686188984,0.008141126842799608,0.08789853383670986,2360.3831997824004,0.023249849660328472,0.06323117417792438
10.404278506357937,7.620437899311119,0.225552008265193,27.316166507612262,499.50563387560396,0.007306778715120752,0.008905460339283505,0.2750960059258824,4264.209531269583,0.025775824584528238,0.055383681249230945
15.716092543221212,7.7879613896047974,0.21566442187394322,38.727129170876324,428.53744772899597,0.008109530413315054,0.008438316705746164,0.2682161709051621,3467.994693617944,0.038064814986142885,0.05587882272961831
5.001257556272813,4.1895054118620445,0.32439556094956945,31.051428389055317,431.7293165811222,0.009391322445864148,0.0037246757730075098,0.09176030469655108,6215.921617276267,0.01241268493836742,0.05344426814078169
11.651267885922065,3.3815642936876333,0.20620249684694392,26.32428875396795,434.51855720606414,0.010985057550784483,0.00545269877257332,0.13699212462656088,1388.6524544263448,0.03229347124809347,0.06786180763039724
16.0781313140905,3.962966406367853,0.34130231834107067,28.56545390984781,408.28743632563203,0.007200418843525159,0.003822924634479283,0.2308371483325452,2112.574249243856,0.04245282642104839,0.050760748247646835
13.629453973277107,3.867986161882024,0.3497348056120142,38.56242391377615,459.04115074085126,0.01067117779215548,0.0067144935977554165,0.1747699626971493,2577.13372164139,0.0346405358470557,0.058339353231188565
15.240926945549365,2.311238999892451,0.28446002456810515,24.761301395637965,443.2569516570864,0.010590916585467207,0.002755356392913173,0.20680218999473382,935.3330526413058,0.03695543057226449,0.06172984607751913
14.996812569537072,4.700727180447969,0.2357287824986491,29.682824420156997,438.5574146195918,0.007199596264252251,0.0028543985833877263,0.1390184435644282,1701.8342361085074,0.039270902600504774,0.04730871963510578
9.644425116388948,6.013248887797809,0.33015326450749954,34.209012302107645,467.63681281173643,0.0027718962543940443,0.009635736234780746,0.1082584332995464,4375.15032850124,0.02515790387037301,0.03470809779511374
14.850701852127768,3.442940490237037,0.2065375470690626,25.363110638550545,497.488528029888,0.009810347972792045,0.009439197199845605,0.26128254277498286,1265.905032286406,0.036765072439854406,0.05806188743434033
7.903205015363166,3.7547091018902217,0.2934267675202713,21.616144471376217,414.2042214917977,0.008828851202548609,0.0029875388304035316,0.03352171821571206,2790.6444106814824,0.019554619972075093,0.05241581070801067
5.194565417047221,3.3818011805545956,0.3001821408393045,25.808469894258625,403.53753967242073,0.011058633555759406,0.009010547394327382,0.07174932025101227,4455.410069484272,0.013592447098063919,0.05624436258978006
6.750133262838481,7.588698544271013,0.31552820487671374,35.12162706167216,400.8938224713713,0.010836694064166668,0.007822093172260434,0.24061407103148175,10773.57132307953,0.018705051935103065,0.0640132937577856
17.34953034235582,5.482822836694614,0.2516083703998543,31.20952295956588,470.1287680964644,0.011208213047146138,0.006798040389728285,0.08363941962233513,1946.0278002748,0.042185346065765565,0.06605201817739026
3.9896291636011405,4.385427253768075,0.3380093852161805,33.04024790056333,422.06582297885933,0.005536564117688485,0.00526511652955845,0.0528410640367018,8177.335581485922,0.00946337346323052,0.04512527524562395
12.161873530202818,2.100032409730038,0.18489256991326392,24.973728046700653,409.795148629799,0.009354757731982764,0.0029610977158279336,0.20709434056609635,739.7908964320478,0.02957502642568962,0.06096970952464962
10.6260518480703,5.8728950591465345,0.3123849720115274,24.085492931151133,461.618674738583,0.009738395994112473,0.004499241372063075,0.042320362222882546,3402.094194587308,0.02843950256446647,0.055342393489551035
8.650525025403518,5.140091630814716,0.3037376303608629,29.91596213089737,464.9102654627613,0.0027667985321843773,0.005847245180548804,0.04702531052768614,3962.9685791841207,0.021571118214143422,0.03556784685958335
13.111562794338807,6.482480533586395,0.16235100944746703,44.85394109215312,405.44200287097686,0.010257477914391541,0.007922151467844285,0.18569330133770953,2793.1257258881615,0.03376326854948518,0.05196293018853597
5.057675032347068,6.7557948377652215,0.16571139948699304,33.01310741108483,464.50818265671944,0.010216888573752277,0.0057048817447444295,0.08632026171824066,6061.026780430795,0.012806548849824108,0.058235974883055874
9.937622746597768,6.683026902502366,0.19801802268850577,25.79964442056815,447.418533956696,0.0025050436519085065,0.003834725027484047,0.11903737597255372,2945.838480394201,0.025051492308739962,0.04020417806722263
16.176219996677574,5.262364768145613,0.20736790434728636,22.48754332805556,413.66663047483235,0.0076121736854719065,0.007469670704835039,0.03390702419513976,1281.526894136851,0.04115600091075902,0.050955600079815394
17.376105212669415,3.2226235876545353,0.16250406989582178,29.472355903495657,413.44419710296796,0.0032658196513578913,0.005259605288937027,0.10578951898998562,696.356177867268,0.04609460847005983,0.04034454865251867
4.156495034269581,7.176466844084866,0.20694261164246652,44.073138838732305,493.1538632556326,0.006340966262187528,0.0038285355235066795,0.2537587595084623,10501.590621446334,0.011037779386944101,0.05331769613371431
10.341036640518986,7.100107272883738,0.2958562759678664,42.02734768408209,473.47029123873745,0.008421749606477971,0.0060014172182161025,0.2965149210590053,6708.547062035782,0.028036971086228088,0.05779909961214057
11.663393251777682,3.5585201631572407,0.32508780541759297,21.259587237094983,422.7439966793933,0.0060373244508446985,0.006689257241872576,0.17704620970089963,2090.9065572526697,0.0312787726345994,0.0524214214760325
8.230631833447255,2.084322127520517,0.2884911641099711,26.945458457699793,435.14044365483625,0.005349016905838996,0.0060946384070281745,0.26074392218649106,1794.1846309879616,0.020642582157762362,0.04977622566788975
3.6634711992065516,6.979871810973342,0.34236502809948527,35.58329286196778,495.65083710307215,0.0061306182943174775,0.005320253845241095,0.04974969463576248,15876.500962080394,0.008089219505140462,0.05305003559198541
10.615235862943337,3.3054522904486,0.2725611349322855,25.34894099612131,432.62111402691,0.003957095151893275,0.0075733087999211,0.1646403023022473,2004.6492568948722,0.02648883540231216,0.04129913719333954
17.50437868472131,2.3217170882381817,0.2336757379391924,21.969557252534894,414.66533209708,0.006625264515730515,0.003260107181472421,0.16525151898987603,635.2414422131269,0.046922920637650314,0.05537182150259017
15.37914842974428,4.761619084482531,0.32652221976882756,28.346959071969295,462.753200518709,0.011233135543016644,0.0033735663955832473,0.2442039966055129,2563.153927374555,0.04111069444078361,0.06773051418755374
9.511297055055184,2.773023370861716,0.3420164215970729,22.504601351043227,406.54833979943885,0.010981561921817023,0.0044060971851014,0.18716560919720202,2166.628921129909,0.024683705467866,0.05789374258778109
9.88304187077204,5.200953048682367,0.21672857805742599,27.04081467045485,414.02066676712167,0.009061443363079198,0.0033462617279553858,0.1017953895326805,2408.0821572227333,0.023421487940040384,0.049647447384922806
9.41917701980558,7.2265617286129,0.2859571293240369,41.12368118712432,471.63539613309405,0.003486317998370996,0.009823418414912721,0.24024415441514232,6571.982218275272,0.02424343519990533,0.04464184693478363
12.214967622902124,4.4971827980120676,0.2851719001030292,29.938265397592865,451.2845171456595,0.0038795803796396206,0.0032416091543506125,0.04118053383557736,2274.327533760209,0.0301012106041598,0.04148763964647624
14.24229422038992,6.612578961496964,0.2518116868394031,40.57089447661562,494.20634453138166,0.009217402523354377,0.0028447115270960107,0.2022855605909817,3939.2963130524136,0.035343146339088014,0.06108049500987001
15.521781478860579,2.9530489443761994,0.16482972159320894,42.276549460609054,413.2209336990869,0.002350860937437372,0.007768434950131912,0.25736035514669603,959.8504268087771,0.04162527829620675,0.03737346744577916
6.576947982993488,6.531392421053517,0.3198568816242085,28.709874195964723,427.38191848756514,0.0046779171954505015,0.002404763344178849,0.09870100695530669,6578.461732085832,0.01650290380802827,0.04342281315062315
13.352327840270455,5.259130313243337,0.3174927259954397,44.049089461368524,436.7291614129165,0.0028834081988963717,0.007997166115087382,0.025964651335771347,3496.959067477628,0.03291978692689761,0.036458537941755596
3.0794562255235842,4.956452990091391,0.234799825431796,36.665871949155346,428.974408856925,0.010736954004694583,0.007874765932651146,0.1410424392778252,10215.779470166177,0.007498696255266392,0.059880301401153246
8.985000870360711,4.048231175660764,0.15777759793250842,22.960973890563494,405.39184555542346,0.002244154863480268,0.0032229790571262473,0.25999970895056096,1454.0165449613855,0.022362342314285577,0.037054047207962675
12.36094651861005,2.7435904793181,0.2897930707284774,27.72063386089135,451.92533297862013,0.011547226038008574,0.00896492315454742,0.0852941820428218,1724.5034857820108,0.031688798160508604,0.062225485233734584
3.4226141217279027,3.021478905308074,0.2889896804187586,29.719341442992448,401.5942438966692,0.011880226313768418,0.006267027225855946,0.1302864602311689,6323.750960057685,0.008531455292749046,0.058583274822399785
12.19423356697456,7.313759719209839,0.21034273841541729,32.68724694830309,400.3643996196769,0.010598142813182027,0.00444723111130493,0.09596313153194329,2793.5410599946654,0.0317689749698109,0.054092927211567506
6.982874548403565,4.119359529597868,0.3472120095741308,31.33492026995659,423.0133988292809,0.007697309674128172,0.005238077264456084,0.03538890867972372,4215.514130127839,0.01732695428326602,0.049276986089069455
14.877880554027033,2.4549392608544665,0.2947222155626108,39.502600371343654,460.23070734286847,0.007776708001561233,0.0023974962099837923,0.036658984110379114,1100.468121104287,0.034984706060261266,0.04330094842965461
10.482548907350381,2.9849820416760897,0.30796791211000507,40.377072570698125,484.2143211260892,0.0024956812077470496,0.005422985289868995,0.257136948360014,2709.10815127633,0.028081374963055485,0.04220383632946159
8.20812925060768,3.6584289745425425,0.2805486184198813,24.206979288069526,486.01225190877585,0.007764434410807035,0.0028920280410067133,0.21698774065414178,2843.155353729883,0.022399817321931262,0.04849632160272323
13.794716775216385,5.557961739967976,0.3197734362118723,34.05287495717167,444.1470612332904,0.003894468598607083,0.0032271234009454298,0.14095140858411748,2839.422218025992,0.03681139748705722,0.04459437486120737
11.897388008481267,6.995111144457477,0.34866693910210833,28.74060756363078,490.19544637283684,0.010060508718535989,0.002544053522556425,0.11356450063908954,4907.835927349269,0.03080213602192575,0.059149342847659624
10.422765788843304,6.581382582845465,0.21666173916239667,30.186055093278377,486.5633948225449,0.011722085092600067,0.008210858726142658,0.08077987293762334,3108.5695300314683,0.025060785198050245,0.06171317596485383
6.550455416214573,7.4062468884320705,0.284144580353488,31.00150187479234,427.38117328615607,0.005806610051409644,0.0058084047629338425,0.21987025860920398,7466.000424778131,0.01751844151242124,0.049029307537329446
6.9367512295865685,7.961539374635503,0.18804172680885023,23.427412506872294,463.84053019187985,0.005931290798512249,0.0027346834741480697,0.02104787993773261,3702.0270933572606,0.017466134122120853,0.04625545649777822
14.663282014784247,7.145051798430458,0.17896660354305885,29.088476897627285,414.6574125468197,0.0048669270358194724,0.003913635350004571,0.2403221722624122,2198.4883850810693,0.03622549624422713,0.04881921284998479
15.333849737282799,3.807254541934711,0.19184413354080382,44.482880970140826,432.01475446474967,0.008710680991808755,0.007422728325422435,0.16392824476787146,1384.9082628129993,0.03890978415668941,0.05126621884469613
10.663943050670655,6.640200540648785,0.2919666887904387,42.8889906920608,497.08605618876317,0.009278513261995407,0.0026120899906420273,0.1334331265807887,4613.615300732557,0.026515487535192013,0.05893096489928577
11.744170941763072,4.0980830472886645,0.21778536896874318,41.01616812722967,442.193315866822,0.0072739595406445265,0.0065029828882758305,0.1776390983584525,2361.8326717484083,0.02917263288711617,0.05476643522229953
12.825304418942544,2.874185593794363,0.3488231189267339,39.52903899488149,441.7251433484307,0.005013518508642829,0.005102416278542767,0.22193831637668493,2157.1939321104132,0.031897905116646585,0.0474875578037056
9.84442839465614,6.017126890685988,0.23830159099197362,36.314353874877035,447.4823636962947,0.009766636273378931,0.0020420809862698643,0.08039906762113891,3437.701961203862,0.025961688195189108,0.05630654711718016
8.465278199972119,4.425872693682031,0.24036445668650724,41.827929362735304,496.2335865680138,0.010441646397402306,0.008733254107351589,0.07572423106752914,3720.2774253203856,0.02275488534636467,0.05953335266762278
6.04058060169122,6.477691236479104,0.18999271058391734,27.31225551814594,430.67955379816107,0.010459914164903172,0.007856671174967066,0.16859192200277076,5243.940458987834,0.014344024959428537,0.060717923102840646
14.7215593123113,3.237456632009945,0.25064576999110183,23.83780152932809,442.67944855912583,0.007203657697671906,0.002639346863328562,0.14953157328488995,1170.921413404493,0.034179082988617326,0.04799315383085527
4.430095288623017,4.108137475730846,0.31853714458322113,41.8741452760167,430.96128697079257,0.009188920852414564,0.006619124738813145,0.2953582324526411,9320.832954172678,0.011198460196893145,0.0553552395567949
7.6150285642667415,2.281719484948825,0.1604209071375652,31.886833300815315,469.2473789443919,0.009001757858031274,0.0034477587977745933,0.26023219948162013,1280.6365565104134,0.018555036960589053,0.05153492511080469
15.546820479532228,7.450028919472686,0.3145351052287463,40.41218738879242,436.1310015404945,0.00913343106720973,0.006634772528090404,0.13885415680074115,4744.50880764868,0.039253081816039676,0.05505152395637402
16.542915560071762,3.734049674577645,0.18053622842570755,28.43999399206764,475.9311677101791,0.01059854009702266,0.002915559900978889,0.19407955070095143,1011.0488974370891,0.041213386246392085,0.061994563401662144
17.392012053997924,4.079175250560436,0.20995338434715574,34.94940685972381,442.9418459238662,0.006737542723125783,0.0025542159480359426,0.061507809547006034,1118.1299821716575,0.045308203636597315,0.05103021645241827
14.318625435268354,2.071181170644965,0.19454962958667696,30.049728740385284,450.6817447068669,0.005415952947556604,0.0071919940651924,0.08339130483019955,655.2142005579252,0.036188145932222006,0.050204741860175255
8.424941987913707,7.691624704319263,0.15895614250404724,33.72156144324435,457.7813314263846,0.008992750118977197,0.007109876801125284,0.022279058242703997,3515.904179114451,0.020384475130807267,0.054756348846073284
5.825480792035487,6.297233911863076,0.27509906673781215,36.654981247859396,417.5947687087554,0.008691740013324623,0.00789582726913532,0.15703487314658554,8884.462218922528,0.015131322381489388,0.05326840271904987
14.457425436787814,4.456404347277535,0.2905426483986515,38.76219179996368,467.417022412429,0.008735384236829485,0.006886465634608412,0.16515815403983977,2440.434934785768,0.035808903786239854,0.06006395186616417
9.997260984002494,7.599432535307935,0.34959890754465667,32.668701902059695,472.4355373749968,0.008437903382505225,0.003898118528005978,0.03318504425120926,5852.545694836684,0.02585296304966528,0.05628820498840761
14.766580817897765,5.928810091777733,0.28910827036351744,27.85778132105736,447.0047382843047,0.0038170380002521716,0.003972644224637811,0.045158012065876246,2333.6584746247936,0.03625946427002412,0.04354411400682494
9.618166793214597,3.601637075393372,0.3222224893795378,33.60354459220767,492.3109473635794,0.008349649622775677,0.002126300772229733,0.2757731934843946,3375.2335687812306,0.02499815288615047,0.05791215230859815
9.793891099778776,4.89304907460099,0.30384412816846995,33.31539845660846,417.6024698702441,0.0025817756717299275,0.0030094902102921,0.09040351047446811,3198.1007321310985,0.025252128178023265,0.034476307424577454
7.793978370038022,3.338087237160643,0.25914836374122663,35.810080711067684,453.21275318971607,0.011518566512169402,0.009963024141232995,0.2544708771455577,3668.632196585988,0.021195381569834047,0.0678605934868243
8.272086284233277,6.706135077042436,0.1843662278183672,26.200121143071435,403.8694070870309,0.008089396733379925,0.007508306070311656,0.020941440144786064,3177.6077016294716,0.020732394439644298,0.04722178675484563
3.5833611899796507,2.2913941329084713,0.27404181974517594,35.199332509914335,483.10900229980103,0.00792266889157361,0.00959496662873201,0.10802769982563817,4632.569325071675,0.009779436894388338,0.04890917458281644
14.938572797944193,2.069412287962642,0.24730264988067044,24.681656096848187,459.88617037280653,0.00998169969707828,0.0022643384188054984,0.06585636344568867,645.7050699995829,0.03783811288418023,0.05596178766401723
17.278024497261775,2.607236764641443,0.2346564217331544,31.970192918581986,428.03420518291625,0.004785065576875697,0.007718017293994565,0.19299627594227511,872.2022504969818,0.043811914441802775,0.04186012685989686
16.403822110238767,7.107970830298313,0.33400467849999177,27.4554005406774,498.542118453212,0.010163899154714166,0.008358462448330425,0.20692200826842458,4075.078119902543,0.04088742086356177,0.049276783264101114
13.482169319827822,6.392533438682394,0.3002929628338513,25.57814138690912,434.90514697024025,0.0059225399582590495,0.007983998511839696,0.2205494332014052,3306.03906129712,0.03394701826777426,0.04697811777300724
5.0992272973116375,5.8127315553941905,0.3274118567274958,36.43618472135355,489.56264285777416,0.011990530181368994,0.004873617864188264,0.22252111441739825,10578.616741647944,0.012965604211311708,0.07240997650027976
6.6887189399389655,3.109833720559826,0.2762967012997883,24.409274319434473,443.13864698170505,0.007233332392721941,0.005505875817511758,0.25938026377269663,3288.792687874915,0.01835045757584216,0.05283415543627769
